url,batch,template
/,1,T1
/free-consultation/,7,T7
/los-angeles/employment-attorney/,4,T2
/cleveland/,6,T11
/cleveland/cleveland-employment-lawyer/,6,T2
/los-angeles/employment-attorney/los-angeles-workplace-discrimination-attorney/los-angeles-gender-discrimination-lawyer/,4,T2
/los-angeles/employment-attorney/los-angeles-workplace-discrimination-attorney/pregnancy-discrimination-lawyer-los-angeles/,4,T2
/class-actions/,5,T2
/employment-law/what-are-employees-rights-to-family-and-medical-leave/,2,T2
/chicago/chicago-employment-attorney/,6,T2
/los-angeles/employment-attorney/los-angeles-fmla-attorney/,4,T2
/prussia/king-of-prussia-employment-attorney/,6,T2
/los-angeles/employment-attorney/woodland-hills-law-office/,4,T2
/los-angeles/employment-attorney/retaliation-lawyer-los-angeles/,4,T2
/los-angeles/employment-attorney/los-angeles-whistleblower-attorney/,4,T2
/los-angeles/employment-attorney/pasadena-employment-attorney-2/,4,T2
/los-angeles/employment-attorney/inglewood-employment-attorney/,4,T2
/los-angeles/employment-attorney/long-beach-employment-attorney/,4,T2
/los-angeles/employment-attorney/norwalk-employment-attorney/,4,T2
/prussia/,6,T11
/los-angeles/,4,T11
/privacy-policy/,7,T2
/consumer-rights/,1,T2
/los-angeles/employment-attorney/wrongful-termination-lawyer-los-angeles/,4,T2
/chicago/,6,T11
/los-angeles/employment-attorney/los-angeles-workplace-discrimination-attorney/lgbtq-discrimination-lawyer-los-angeles/,4,T2
/employment-law/resources/,2,T2
/consumer-rights/fdcpa/how-to-stop-creditor-harassment/,3,T2
/consumer-rights/misrepresentation/,3,T2
/consumer-rights/fdcpa/threats/,3,T2
/lemon-law/,5,T2
/consumer-rights/tcpa/,3,T2
/consumer-rights/fdcpa/text-message-harassment/,3,T2
/consumer-rights/fdcpa/,3,T2
/consumer-rights/fdcpa/creditor-harassment/,3,T2
/consumer-rights/fdcpa/debt-collection-harassment/,3,T2
/consumer-rights/fdcpa/fdcpa-faq/,3,T2
/los-angeles/employment-attorney/fairfax-employment-attorney/,4,T2
/consumer-rights/tcpa/robocall-harassment/,3,T2
/consumer-rights/tcpa/telemarketer-harassment/,3,T2
/los-angeles/consumer-rights-attorney/,4,T2
/in-the-news/,7,T2
/consumer-rights/fcra/,3,T2
/consumer-rights/credit-bureau-wont-fix-errors/,3,T2
/consumer-rights/fdcpa/fighting-negative-credit-reports/,3,T2
/consumer-rights/identity-theft-on-credit-report/,3,T2
/consumer-rights/fdcpa/fighting-credit-report-errors/,3,T2
/consumer-rights/tcpa/illegal-recording-of-phone-calls/,3,T2
/consumer-rights/cipa/,3,T2
/los-angeles/employment-attorney/sexual-harassment-attorneys/,4,T2
/employment-law/workplace-discrimination/age-discrimination/,2,T2
/los-angeles/employment-attorney/culver-city-employment-attorney/,4,T2
/los-angeles/employment-attorney/los-angeles-employment-lawsuit-statistics/,4,T2
/los-angeles/employment-attorney/calabasas-employment-attorney/,4,T2
/los-angeles/employment-attorney/mid-wilshire/,4,T2
/los-angeles/employment-attorney/westlake/,4,T2
/los-angeles/employment-attorney/mid-city-employment-attorney-services/,4,T2
/los-angeles/employment-attorney/westwood-employment-attorney-services/,4,T2
/los-angeles/employment-attorney/silver-lake-employment-attorney-services/,4,T2
/los-angeles/employment-attorney/sherman-oaks-employment-attorney-services/,4,T2
/rancho-park-employment-attorney-services/,7,T2
/los-angeles/employment-attorney/melrose-hill-employment-attorney-services/,4,T2
/los-angeles/employment-attorney/hollywood-employment-attorney-services/,4,T2
/practice-areas/,7,T2
/los-angeles/employment-attorney/larchmont-employment-attorney-your-workplace-rights-advocate/,4,T2
/los-angeles/employment-attorney/valley-village-employment-attorney-fighting-for-your-workplace-rights/,4,T2
/los-angeles/employment-attorney/venice-employment-attorney-protecting-your-workplace-rights/,4,T2
/los-angeles/employment-attorney/toluca-lake/,4,T2
/los-angeles/employment-attorney/tarzana/,4,T2
/results/,1,T8
/los-angeles/employment-attorney/wage-hour/,4,T2
/los-angeles/employment-attorney/pomona-employment-attorney/,4,T2
/los-angeles/employment-attorney/west-covina-employment-attorney/,4,T2
/los-angeles/employment-attorney/downey-employment-attorney/,4,T2
/los-angeles/employment-attorney/west-hollywood-employment-attorney/,4,T2
/los-angeles/employment-attorney/santa-monica-employment-attorney/,4,T2
/los-angeles/employment-attorney/torrance-employment-attorney-2/,4,T2
/los-angeles/employment-attorney/glendale-employment-attorney-2/,4,T2
/los-angeles/employment-attorney/hawthorne-employment-attorney/,4,T2
/los-angeles/employment-attorney/el-monte-employment-attorney/,4,T2
/los-angeles/employment-attorney/compton-employment-attorney/,4,T2
/los-angeles/employment-attorney/carson-employment-attorney/,4,T2
/personal-injury/,5,T2
/employment-law/wrongful-termination/,2,T2
/employment-law/,1,T2
/employment-law/workplace-discrimination/,2,T2
/employment-law/sexual-harassment/,2,T2
/contact/,1,T7
/about/,1,T6
/what-our-clients-say/,1,T9
/consumer-rights/free-consumer-protection-consultation/,3,T2
/employment-law/free-consultation/,2,T2
/sitemap/,7,T2
/white-papers/,7,T2
/opt-out-preferences/,7,T2
/terms-and-conditions/,7,T2
/employment-law/fmla/,2,T2
/employment-law/workplace-discrimination/religious-discrimination/,2,T2
/employment-law/faqs/,2,T2
/financial-elder-abuse/,5,T2
/personal-injury/e-scooter-accidents/,5,T2
/personal-injury/physical-abuse-of-elders-what-you-need-to-know/,5,T2
/personal-injury/truck-accidents/,5,T2
/personal-injury/motorcycle-accidents/,5,T2
/property-insurance-claims/,5,T2
/personal-injury/car-accidents/,5,T2
/business-litigation/,5,T2
/property-insurance-claims/underpaid-home-insurance-claims/,5,T2
/business-litigation/breach-of-contract/,5,T2
/consumer-rights/fdcpa/facta-credit-card-lawsuits/,3,T2
/consumer-rights/california-false-advertising-ucl/falsely-labeled-cbd-products/,3,T2
/consumer-rights/california-false-advertising-ucl/,3,T2
/consumer-rights/foreign-transaction-fees/,3,T2
/employment-law/workplace-discrimination/sexual-orientation-discrimination/,2,T2
/disclaimer/,7,T2
/video-center/,1,T10
/cleveland/ohio-consumer-rights-law/,6,T2
/los-angeles/employment-attorney/sexual-harassment-faq/,4,T2
/los-angeles/employment-attorney/misclassification/,4,T2
/los-angeles/employment-attorney/hostile-work-environment-attorney-los-angeles/,4,T2
/los-angeles/employment-attorney/los-angeles-workplace-discrimination-attorney/religious-discrimination-lawyer-los-angeles/,4,T2
/los-angeles/employment-attorney/los-angeles-workplace-discrimination-attorney/los-angeles-disability-discrimination-attorney/,4,T2
/los-angeles/employment-attorney/los-angeles-workplace-discrimination-attorney/,4,T2
/los-angeles/employment-attorney/los-angeles-workplace-discrimination-attorney/los-angeles-age-discrimination-lawyer/,4,T2
/thank-you/,7,T2
/office/,7,T2